{
    "0": {
        "k_values": [
            2,
            3,
            4,
            5,
            6,
            7,
            8,
            9,
            10
        ],
        "silhouette_scores": [
            0.3511345744362314,
            0.2869993340027906,
            0.21967985645225782,
            0.19069856458171927,
            0.11923212621633411,
            0.10450080761233378,
            0.08464672814819363,
            0.09830729554116546,
            0.1586231867661795
        ],
        "calinski_harabasz_scores": [
            3.0606495652450976,
            8.908412513524297,
            7.373087634453841,
            10.574992963739295,
            9.799285546863487,
            9.572545605488534,
            9.12607557779077,
            8.671303739733833,
            8.571181055306562
        ],
        "davies_bouldin_scores": [
            0.546662305116663,
            1.0512045147794093,
            0.90863119268622,
            1.4199529079970203,
            1.3733870151439713,
            1.3830945512617474,
            1.4226122146837836,
            1.4999538875356362,
            1.6217010741692366
        ]
    },
    "1": {
        "k_values": [
            2,
            3,
            4,
            5,
            6,
            7,
            8,
            9,
            10
        ],
        "silhouette_scores": [
            0.35619622832319037,
            0.1253294062461746,
            0.08674701485052577,
            0.17869862764285982,
            0.15923697039856724,
            0.14231991437968414,
            0.1405096090609916,
            0.11870648260177187,
            0.08522863182741623
        ],
        "calinski_harabasz_scores": [
            7.819256112387839,
            4.953086350240737,
            6.17251910709273,
            11.288669487691116,
            10.017041847294028,
            9.364619833498685,
            9.45929371793245,
            9.226645602175454,
            8.296773565026083
        ],
        "davies_bouldin_scores": [
            0.9805515055740539,
            0.8783456276314645,
            1.2827059929545552,
            1.3652788706856378,
            1.3345185098206187,
            1.299845541466961,
            1.6602285928311604,
            1.6470381615923264,
            1.5633555192214155
        ]
    },
    "2": {
        "k_values": [
            2,
            3,
            4,
            5,
            6,
            7,
            8,
            9,
            10
        ],
        "silhouette_scores": [
            0.44314810896351914,
            0.3015459634051474,
            0.2698364159367907,
            0.2344627983753624,
            0.21416478391093835,
            0.194081483499974,
            0.16115157811673725,
            0.1476850280252128,
            0.19237099322787007
        ],
        "calinski_harabasz_scores": [
            8.846823198988673,
            10.470996425053109,
            14.538043806903858,
            12.576360794411187,
            11.86241215070562,
            10.789000442611504,
            9.968014084628892,
            9.167032760455047,
            9.679742716998167
        ],
        "davies_bouldin_scores": [
            0.6482231595859385,
            0.979036930946792,
            1.5216273131457818,
            1.6797173067493332,
            1.7973782566302983,
            1.6565289461141222,
            1.6424553495488783,
            1.6300504390666892,
            1.6186671647365791
        ]
    },
    "3": {
        "k_values": [
            2,
            3,
            4,
            5,
            6,
            7,
            8,
            9,
            10
        ],
        "silhouette_scores": [
            0.4170109356490964,
            0.22625009565668092,
            0.2584436367247921,
            0.24211509115704108,
            0.22576553609432654,
            0.18427443050596223,
            0.193096365314729,
            0.20321834623073862,
            0.2022581556442401
        ],
        "calinski_harabasz_scores": [
            8.378157113830206,
            7.420657397629981,
            13.173726200413755,
            12.720608238342274,
            11.39393533319229,
            9.784104536111323,
            9.540739396107993,
            8.945606213397067,
            9.212818566690514
        ],
        "davies_bouldin_scores": [
            0.815472271739814,
            1.1623306977511525,
            1.458989096381119,
            1.6870081672173658,
            1.9446159946636803,
            1.7241951649540201,
            1.817823000968764,
            1.7620899699738368,
            1.6806631398135714
        ]
    },
    "4": {
        "k_values": [
            2,
            3,
            4,
            5,
            6,
            7,
            8,
            9,
            10
        ],
        "silhouette_scores": [
            0.46991639677619956,
            0.2443097211850502,
            0.18707792229979797,
            0.21100913858796536,
            0.18306376427665183,
            0.16948947643154816,
            0.18524793492947633,
            0.1704599792684059,
            0.21640367333335842
        ],
        "calinski_harabasz_scores": [
            9.674981158529329,
            9.53787909790935,
            10.264602214924322,
            11.652181487720066,
            10.250416638183005,
            9.241149370874588,
            9.1434130874141,
            8.402964070053443,
            8.536937881852719
        ],
        "davies_bouldin_scores": [
            0.6347856370993198,
            1.2590936197850888,
            1.539416714242988,
            1.6652696639574507,
            1.8299880284744863,
            1.7771509408866,
            1.8321499794068965,
            1.7656522583106504,
            1.7650937068564918
        ]
    }
}