{
    "0": {
        "k_values": [
            2,
            3,
            4,
            5,
            6,
            7,
            8,
            9,
            10
        ],
        "silhouette_scores": [
            0.147531094861849,
            0.1776611171687997,
            0.21073301053027527,
            0.2555773344690373,
            0.30811357137569134,
            0.36148448014256146,
            0.4037976613226499,
            0.44161740049223835,
            0.4882794068458924
        ],
        "calinski_harabasz_scores": [
            10.161359039086669,
            12.641810700380004,
            13.750409441969435,
            15.142790606385987,
            18.355846772489116,
            22.30492371289498,
            26.604172156398445,
            32.5867198595881,
            43.706337296308725
        ],
        "davies_bouldin_scores": [
            1.18600454000924,
            1.6624051037592544,
            1.529452275474324,
            1.1703604865913118,
            1.165885810525701,
            1.2313156341316513,
            1.0670785729687409,
            0.9693940419418148,
            0.7182825079236906
        ]
    },
    "1": {
        "k_values": [
            2,
            3,
            4,
            5,
            6,
            7,
            8,
            9,
            10
        ],
        "silhouette_scores": [
            0.13220757644084338,
            0.16387826433622554,
            0.2124776109672545,
            0.2608796863610976,
            0.2991804788563572,
            0.34222857295412246,
            0.3808920686939128,
            0.4233022267201532,
            0.4583179560037298
        ],
        "calinski_harabasz_scores": [
            10.921795859094813,
            12.70577234642438,
            14.511164833658583,
            16.60051259561799,
            18.28939223783007,
            21.25207354591943,
            24.705184490705506,
            30.41250859095123,
            39.14784620514386
        ],
        "davies_bouldin_scores": [
            1.297878640434233,
            1.3378813284127713,
            1.7590989607910006,
            1.5802522832962302,
            1.3828097592516901,
            1.2631606569806861,
            1.114406974769309,
            0.9787325711548651,
            0.7442231693190811
        ]
    },
    "2": {
        "k_values": [
            2,
            3,
            4,
            5,
            6,
            7,
            8,
            9,
            10
        ],
        "silhouette_scores": [
            0.12698516177247884,
            0.17695057135161857,
            0.23043368734479766,
            0.2766529995539528,
            0.3232092613735449,
            0.35388666606980174,
            0.39673524934572646,
            0.4452637799728518,
            0.4921103146071928
        ],
        "calinski_harabasz_scores": [
            10.590213214482395,
            13.168431345697709,
            15.179856512030316,
            17.240722570966316,
            19.77673889122554,
            21.78735157259859,
            26.254482765940907,
            33.433529617317355,
            45.264447623648756
        ],
        "davies_bouldin_scores": [
            2.0321804675285513,
            1.7381620051147895,
            1.7228186186396954,
            1.573205759597101,
            1.3740428645135419,
            1.2432855835134649,
            1.0814857759240442,
            0.9756279728211621,
            0.6847976829620684
        ]
    },
    "3": {
        "k_values": [
            2,
            3,
            4,
            5,
            6,
            7,
            8,
            9,
            10
        ],
        "silhouette_scores": [
            0.1816594070117261,
            0.1598270626314064,
            0.1818219591080525,
            0.23785935408179298,
            0.2705956598776746,
            0.32288177219240083,
            0.37296397558319794,
            0.4226874037276499,
            0.47467602380488555
        ],
        "calinski_harabasz_scores": [
            8.25770486879499,
            9.846769067654403,
            11.717036950645852,
            14.488526741152723,
            15.820732146652508,
            18.811236666886238,
            22.954468842129124,
            29.827083921899604,
            40.7182707921858
        ],
        "davies_bouldin_scores": [
            0.8718900096173413,
            1.0593293090266367,
            1.1436270254271674,
            1.3970408695743797,
            1.3197104348009148,
            1.103516753721407,
            1.0712229135819449,
            1.0045315652987261,
            0.7758645075843494
        ]
    },
    "4": {
        "k_values": [
            2,
            3,
            4,
            5,
            6,
            7,
            8,
            9,
            10
        ],
        "silhouette_scores": [
            0.16847142159589534,
            0.15646515813439218,
            0.18488336066934374,
            0.24062195027459826,
            0.2911963274696656,
            0.3438839836242075,
            0.3884537895272381,
            0.4455106775692918,
            0.4976218368748683
        ],
        "calinski_harabasz_scores": [
            10.032187744362652,
            9.665993518312424,
            11.50172770263591,
            14.219438986528028,
            16.481704145297936,
            20.168759728381186,
            24.044100121790198,
            31.794758245958988,
            45.23260853749139
        ],
        "davies_bouldin_scores": [
            1.0591823014189512,
            1.0555932586071683,
            1.1458769708941903,
            1.39937212221301,
            1.1255659165567635,
            1.2405761947287532,
            1.0978613416670784,
            0.9768266799883393,
            0.6858666558863662
        ]
    }
}