{
    "0": {
        "k_values": [
            2,
            3,
            4,
            5,
            6,
            7,
            8,
            9,
            10
        ],
        "sse": [
            230423.2532051282,
            210377.56296296295,
            186249.40315882873,
            167066.2531620553,
            148668.72571428574,
            132778.77268907565,
            113300.572005772,
            97836.47837235229,
            90839.8153069153
        ],
        "silhouette_scores": [
            0.10267717906166585,
            0.1025453714362233,
            0.12171538388004315,
            0.1430585215727705,
            0.1676186650427852,
            0.19796838186377863,
            0.21986824730183765,
            0.24394148186247921,
            0.24997107846718955
        ],
        "calinski_harabasz_scores": [
            10.809851658851592,
            10.480814423563196,
            11.956543544026482,
            12.620002229630705,
            13.552412902519569,
            14.36561721944778,
            16.53456206079236,
            18.370347015908035,
            18.16386175330806
        ],
        "davies_bouldin_scores": [
            2.864757887587906,
            2.3844039981872256,
            1.9349262556087814,
            1.8158357954495734,
            1.6844325017432904,
            1.5331787730204989,
            1.3547908298637616,
            1.2552392874316605,
            1.2373027410510669
        ]
    },
    "1": {
        "k_values": [
            2,
            3,
            4,
            5,
            6,
            7,
            8,
            9,
            10
        ],
        "sse": [
            231410.06200909463,
            213695.40315789473,
            189645.60931174087,
            171131.46725148594,
            150530.0709991912,
            134338.5514716656,
            118426.79772727273,
            105733.56926406927,
            102082.45644355644
        ],
        "silhouette_scores": [
            0.10369638458828419,
            0.09627614756051354,
            0.12653679799019954,
            0.14700427095253776,
            0.16901488342057136,
            0.19287893931619146,
            0.20905720827472998,
            0.2313477483191103,
            0.21228552807142878
        ],
        "calinski_harabasz_scores": [
            11.963584898049582,
            10.432058499615636,
            11.813932893861018,
            12.286183754197614,
            13.62945391307381,
            14.459605458816398,
            15.673883250422739,
            16.559671273825174,
            15.436300128962074
        ],
        "davies_bouldin_scores": [
            2.6735085292774867,
            2.247625790056947,
            1.8494631847759753,
            1.7507444524702045,
            1.6077733131773695,
            1.4496802864528442,
            1.3758023296632544,
            1.2762630504679688,
            1.3193712281018881
        ]
    },
    "2": {
        "k_values": [
            2,
            3,
            4,
            5,
            6,
            7,
            8,
            9,
            10
        ],
        "sse": [
            225584.49999999997,
            202106.5041449778,
            188603.98961008806,
            174081.21200237668,
            145549.22023809524,
            124187.6091269841,
            117752.14438660756,
            96372.30305250306,
            98587.60818070818
        ],
        "silhouette_scores": [
            0.11088273637417599,
            0.1338267610270097,
            0.12798880483783356,
            0.1340421983951842,
            0.17455525530351979,
            0.21720002812428396,
            0.1960552145631884,
            0.24377737890559156,
            0.2060162659102363
        ],
        "calinski_harabasz_scores": [
            12.77193690169316,
            12.689144071924233,
            11.262541884021546,
            11.037613955245899,
            14.135244806933866,
            16.32484973970913,
            15.317077095889804,
            18.7212300176624,
            15.863696736878113
        ],
        "davies_bouldin_scores": [
            2.5467824021701557,
            2.2239538142845636,
            2.006731301277058,
            1.8311074510811172,
            1.5214632274235902,
            1.3822811280211464,
            1.4111579472370819,
            1.183633596766296,
            1.383634333505795
        ]
    },
    "3": {
        "k_values": [
            2,
            3,
            4,
            5,
            6,
            7,
            8,
            9,
            10
        ],
        "sse": [
            224069.0707070707,
            206075.4381207028,
            185287.51932800713,
            173365.56799961365,
            153472.75968013465,
            133618.12156862745,
            122261.91418003566,
            116438.84902597402,
            102253.08747086248
        ],
        "silhouette_scores": [
            0.10801251538788376,
            0.10385565788891894,
            0.1259971434425751,
            0.12349114499114862,
            0.1385256879499054,
            0.17935834263275244,
            0.19313434709094984,
            0.18771557642674894,
            0.20738309889824538
        ],
        "calinski_harabasz_scores": [
            12.647256766695044,
            11.040433891074885,
            11.691836500162573,
            10.907501886495655,
            12.19010410650502,
            13.846940025541327,
            14.05251992482658,
            13.339395359216129,
            14.741160023367474
        ],
        "davies_bouldin_scores": [
            2.630519106358038,
            2.1650872385145328,
            2.0338486017560506,
            1.9666160250961506,
            1.7450668897523816,
            1.457216849506447,
            1.4153046254736987,
            1.3707916955109483,
            1.292327623436645
        ]
    },
    "4": {
        "k_values": [
            2,
            3,
            4,
            5,
            6,
            7,
            8,
            9,
            10
        ],
        "sse": [
            237164.76566911346,
            212134.6507936508,
            186766.38914728686,
            167276.73305468477,
            149608.67775974027,
            132659.1876984127,
            121073.76075036073,
            101797.66778711483,
            97462.65627705626
        ],
        "silhouette_scores": [
            0.07752194045485611,
            0.10325582690210078,
            0.12903164190324679,
            0.149527029514753,
            0.17161600825485035,
            0.20012556180467897,
            0.19876094389884957,
            0.23047152985568375,
            0.21733936814426957
        ],
        "calinski_harabasz_scores": [
            9.518500600449313,
            10.989102571345258,
            12.581897406784867,
            13.1932729056214,
            13.897033843556727,
            14.901965140694568,
            15.102498476537363,
            17.70007671187175,
            16.697404928132844
        ],
        "davies_bouldin_scores": [
            2.442238810926804,
            2.19756612945864,
            1.9120898606959171,
            1.69937864558672,
            1.563549974486367,
            1.5374546124982749,
            1.4771866706283157,
            1.286903166117946,
            1.387317315001915
        ]
    }
}