{
    "0": {
        "k_values": [
            2,
            3,
            4,
            5,
            6,
            7,
            8,
            9,
            10
        ],
        "silhouette_scores": [
            0.19120573047301984,
            0.1607801352434748,
            0.21214755706691574,
            0.22432390155309823,
            0.2972265497509233,
            0.3366292207867301,
            0.37580874927543356,
            0.38538762956338535,
            0.39504492776259736
        ],
        "calinski_harabasz_scores": [
            13.1827851422746,
            11.203595339955546,
            12.482619563725994,
            12.869426537722125,
            13.506574296086185,
            13.756981252819406,
            13.400375642138277,
            13.241557047383832,
            12.774225917027668
        ],
        "davies_bouldin_scores": [
            2.655952642879486,
            2.1532331832237763,
            1.9891953043792434,
            1.7487725826639369,
            1.5795414037027478,
            1.5639323982956264,
            1.5334841279258593,
            1.4341229517518501,
            1.4796050441065447
        ]
    },
    "1": {
        "k_values": [
            2,
            3,
            4,
            5,
            6,
            7,
            8,
            9,
            10
        ],
        "silhouette_scores": [
            0.1946385634070595,
            0.22870939606696747,
            0.20632958723639258,
            0.22075791832190025,
            0.27519415304417416,
            0.2861941239998751,
            0.33668905811138267,
            0.3718855351978413,
            0.4232183427694862
        ],
        "calinski_harabasz_scores": [
            11.526052500586747,
            12.671400371875976,
            12.461232911301217,
            12.432907868507838,
            13.021915028135702,
            12.630484511683767,
            12.868141072685432,
            12.930505628309191,
            13.245132514178414
        ],
        "davies_bouldin_scores": [
            2.764970689043648,
            2.2648494901687797,
            1.983731378904381,
            1.7850568053687517,
            1.6620231573405686,
            1.5744222839083495,
            1.49839135453025,
            1.4532382231929852,
            1.4189850060949325
        ]
    },
    "2": {
        "k_values": [
            2,
            3,
            4,
            5,
            6,
            7,
            8,
            9,
            10
        ],
        "silhouette_scores": [
            0.196876427604175,
            0.21216361421298907,
            0.21079515894196618,
            0.2715335277663492,
            0.2717092175881276,
            0.32381769872154464,
            0.33690185638191367,
            0.3921710480258259,
            0.41830215116845987
        ],
        "calinski_harabasz_scores": [
            11.908081285094553,
            12.84507839412421,
            12.499313831557664,
            13.71452691477185,
            13.152180557010093,
            13.997429942781759,
            13.679410358606788,
            14.13779687787969,
            14.24797202582228
        ],
        "davies_bouldin_scores": [
            2.057067212884072,
            2.3434866676490373,
            1.9616118730365013,
            1.7537686281122689,
            1.620387347544136,
            1.4766926389659307,
            1.4329537808202628,
            1.3909036870497564,
            1.359057026432988
        ]
    },
    "3": {
        "k_values": [
            2,
            3,
            4,
            5,
            6,
            7,
            8,
            9,
            10
        ],
        "silhouette_scores": [
            0.24072884451030013,
            0.22062908344462284,
            0.2796179616629364,
            0.26310592489085693,
            0.27082091336201747,
            0.3346224781916723,
            0.35240066516577806,
            0.38839202588899296,
            0.40430280544312347
        ],
        "calinski_harabasz_scores": [
            17.534958954498492,
            14.560182206800137,
            15.795716703878224,
            14.657777883796667,
            13.867810301680453,
            14.213300790708871,
            14.355364782818093,
            14.784750502476196,
            14.31740175282129
        ],
        "davies_bouldin_scores": [
            2.314087101678467,
            1.8700710046287146,
            1.801386639893492,
            1.6550135815334226,
            1.6029689014901614,
            1.6096332835043883,
            1.5264601737893746,
            1.4227746608069072,
            1.3909121447328476
        ]
    },
    "4": {
        "k_values": [
            2,
            3,
            4,
            5,
            6,
            7,
            8,
            9,
            10
        ],
        "silhouette_scores": [
            0.20639974776161762,
            0.23328898407930285,
            0.24418917024932207,
            0.2789265958305008,
            0.2642022395639354,
            0.2786206890607343,
            0.2769321017927855,
            0.3164900954267356,
            0.33493087535226024
        ],
        "calinski_harabasz_scores": [
            13.965368318577847,
            14.811013795437635,
            14.037353565331967,
            14.110275401014924,
            12.929250934594052,
            12.50227057361284,
            11.916809739909638,
            11.771104243101142,
            12.001054777300991
        ],
        "davies_bouldin_scores": [
            2.131015338061082,
            2.2068133796103466,
            1.8758842103074633,
            1.7280017074336818,
            1.648055984008758,
            1.6671857089639577,
            1.5779597331020678,
            1.543366470273102,
            1.5449948547121244
        ]
    },
    "4": {
        "k_values": [
            2,
            3,
            4,
            5,
            6,
            7,
            8,
            9,
            10
        ],
        "silhouette_scores": [
            0.20639974776161762,
            0.23328898407930285,
            0.24418917024932207,
            0.2789265958305008,
            0.2642022395639354,
            0.2786206890607343,
            0.2769321017927855,
            0.3164900954267356,
            0.33493087535226024
        ],
        "calinski_harabasz_scores": [
            13.965368318577847,
            14.811013795437635,
            14.037353565331967,
            14.110275401014924,
            12.929250934594052,
            12.50227057361284,
            11.916809739909638,
            11.771104243101142,
            12.001054777300991
        ],
        "davies_bouldin_scores": [
            2.131015338061082,
            2.2068133796103466,
            1.8758842103074633,
            1.7280017074336818,
            1.648055984008758,
            1.6671857089639577,
            1.5779597331020678,
            1.543366470273102,
            1.5449948547121244
        ]
    }
}