{
    "0": {
        "k_values": [
            2,
            3,
            4,
            5,
            6,
            7,
            8,
            9,
            10
        ],
        "silhouette_scores": [
            0.13647595378501698,
            0.17232904116473716,
            0.21372452805098255,
            0.273399290563071,
            0.31843943631459815,
            0.3581843455505473,
            0.3852211503208776,
            0.4373495936105629,
            0.48425824847550475
        ],
        "calinski_harabasz_scores": [
            11.202161741033189,
            12.996467423866077,
            14.342706280991749,
            17.045767785430485,
            19.37949770993442,
            22.042130473022723,
            25.211632416573725,
            32.32872277835652,
            43.423625737962844
        ],
        "davies_bouldin_scores": [
            1.9716384610377602,
            1.9435009448969724,
            1.8422411909556562,
            1.5868361489535379,
            1.3822664522850747,
            1.2411686404687994,
            1.0888342400737883,
            0.9743559715657553,
            0.6841220565778648
        ]
    },
    "1": {
        "k_values": [
            2,
            3,
            4,
            5,
            6,
            7,
            8,
            9,
            10
        ],
        "silhouette_scores": [
            0.14937841655863596,
            0.1790476365504864,
            0.21624052144734257,
            0.26316744417387283,
            0.3147156662945675,
            0.34710480915220115,
            0.3860017814608651,
            0.4516493695521761,
            0.4966847155560304
        ],
        "calinski_harabasz_scores": [
            10.870141380068487,
            11.992228577588136,
            13.807006494664419,
            15.973001752411927,
            18.84066326173124,
            20.30832871780431,
            23.99128278843043,
            32.722902866799735,
            44.61656848186961
        ],
        "davies_bouldin_scores": [
            1.1699913205497976,
            1.6266271366023863,
            1.503595528936161,
            1.5434175865085615,
            1.3304964216093786,
            1.1883075677545971,
            1.0950488273115664,
            0.9614356072487538,
            0.7042702405289518
        ]
    },
    "2": {
        "k_values": [
            2,
            3,
            4,
            5,
            6,
            7,
            8,
            9,
            10
        ],
        "silhouette_scores": [
            0.14486153820360764,
            0.17748333964795762,
            0.22070524393464797,
            0.2750981097819911,
            0.32944281704688366,
            0.36605558798702403,
            0.3994184238633887,
            0.44390653587621137,
            0.48267797319035294
        ],
        "calinski_harabasz_scores": [
            10.564676571835587,
            13.226521494542386,
            14.55306602828944,
            16.824974261615665,
            19.9604259605122,
            22.80798320111109,
            26.88125326673649,
            33.35143748566084,
            43.005087955907435
        ],
        "davies_bouldin_scores": [
            1.2181876539629468,
            2.014178204750318,
            1.771949428120831,
            1.5380944002351726,
            1.3442128168694902,
            1.223964828541527,
            1.0727897829405442,
            0.9532990628975774,
            0.6923123466084415
        ]
    },
    "3": {
        "k_values": [
            2,
            3,
            4,
            5,
            6,
            7,
            8,
            9,
            10
        ],
        "silhouette_scores": [
            0.1484325635325038,
            0.16182735314242686,
            0.19475104585207131,
            0.24405631496606334,
            0.29286872874226216,
            0.34974460358121745,
            0.4041854739810698,
            0.4464773704672192,
            0.4802483362036827
        ],
        "calinski_harabasz_scores": [
            9.141822489726005,
            11.37621201089037,
            12.12798881589234,
            14.740287100511763,
            17.237645307399386,
            20.71842376589209,
            26.197547806869284,
            32.48763409495862,
            42.10713646199475
        ],
        "davies_bouldin_scores": [
            1.1160638889115528,
            1.6901216907356063,
            1.1544162622939989,
            1.508567890376844,
            1.3774619839526199,
            1.2337302961233785,
            1.0674181054732492,
            0.9268532543811889,
            0.7089838639720192
        ]
    },
    "4": {
        "k_values": [
            2,
            3,
            4,
            5,
            6,
            7,
            8,
            9,
            10
        ],
        "silhouette_scores": [
            0.18611735939073654,
            0.1592913270022693,
            0.20240558830473254,
            0.23257685484043983,
            0.26796241902458234,
            0.30654867141177905,
            0.3670751091899876,
            0.4225434207092966,
            0.47392073035077364
        ],
        "calinski_harabasz_scores": [
            8.365237848011695,
            10.016130360670964,
            12.880958807887586,
            13.860349925278628,
            15.88481696934715,
            17.862142966709833,
            22.883842387366926,
            30.060277385413386,
            40.59799087517683
        ],
        "davies_bouldin_scores": [
            0.8577497080287085,
            0.9965416600348539,
            1.0996883934473354,
            1.104987216765563,
            1.1431393876082636,
            1.120835610465174,
            1.104293286637361,
            0.991333835633508,
            0.7423574289730646
        ]
    }
}