{
    "0": {
        "k_values": [
            2,
            3,
            4,
            5,
            6,
            7,
            8,
            9,
            10
        ],
        "sse": [
            154344.99558410275,
            144068.25630780615,
            128693.48333333332,
            111985.17997791679,
            99645.16377306904,
            91313.17637099742,
            83010.92540106953,
            74039.30265728424,
            66505.44865134865
        ],
        "silhouette_scores": [
            0.11065819122959945,
            0.08776676276942987,
            0.12140242627849539,
            0.15487758164032622,
            0.17413207379435294,
            0.18153350257400658,
            0.19065688477878484,
            0.19688869551848615,
            0.21432400028361379
        ],
        "calinski_harabasz_scores": [
            12.74898758661536,
            10.219139224715043,
            11.37102280107682,
            13.242127001241627,
            14.108483220198764,
            14.107687602670003,
            14.473142837986083,
            15.422564655409406,
            16.227024031430677
        ],
        "davies_bouldin_scores": [
            2.6481654474491014,
            2.403972547356594,
            2.138787568021743,
            1.8699984147930266,
            1.627713681706472,
            1.5774914659298018,
            1.5649025610243856,
            1.3948832457676714,
            1.2670591559858906
        ]
    },
    "1": {
        "k_values": [
            2,
            3,
            4,
            5,
            6,
            7,
            8,
            9,
            10
        ],
        "sse": [
            155052.6460963067,
            138703.21618541033,
            123837.96917293232,
            114910.64964042042,
            101337.99831932771,
            86212.30683229814,
            90332.97543859649,
            79961.90561725856,
            68192.26737967915
        ],
        "silhouette_scores": [
            0.11489797767479484,
            0.1343460177900162,
            0.1530584719987251,
            0.15303768973649656,
            0.18018941208022426,
            0.21665599754736203,
            0.16424021010659817,
            0.18753485107942874,
            0.2219928981724246
        ],
        "calinski_harabasz_scores": [
            13.23331612984849,
            13.03797463924862,
            13.47619795133829,
            12.624022016926672,
            13.849273272343329,
            16.14101623340456,
            12.462536871244492,
            13.660499523762269,
            15.807911477723339
        ],
        "davies_bouldin_scores": [
            2.3887792128752543,
            2.1778996388654535,
            1.9045456079006537,
            1.8237434625785887,
            1.6009765546175603,
            1.441269782575516,
            1.6209146880728316,
            1.5387184468811863,
            1.301439699010139
        ]
    },
    "2": {
        "k_values": [
            2,
            3,
            4,
            5,
            6,
            7,
            8,
            9,
            10
        ],
        "sse": [
            170389.5,
            153814.1153846154,
            135993.02405702407,
            122191.04334160464,
            105863.45087719298,
            95853.39385964914,
            87872.0983408748,
            77708.8746031746,
            65972.98156565656
        ],
        "silhouette_scores": [
            0.0935872520735593,
            0.10271205643060964,
            0.13053575999682787,
            0.14923374324816038,
            0.17926663379737,
            0.19105879165257156,
            0.19969500875091284,
            0.22041615896126612,
            0.2468040625010471
        ],
        "calinski_harabasz_scores": [
            10.1011212545374,
            10.764209771684953,
            12.226268528877178,
            12.781810171393367,
            14.577880380066562,
            14.892830996319866,
            14.96875430554307,
            16.13735313749685,
            18.48923840329233
        ],
        "davies_bouldin_scores": [
            2.23281120217582,
            2.4193393947252795,
            1.9430216803836096,
            1.7506305803829334,
            1.5830158683064086,
            1.4829722341666258,
            1.4720535023042407,
            1.3177823733864233,
            1.1960899742233289
        ]
    },
    "3": {
        "k_values": [
            2,
            3,
            4,
            5,
            6,
            7,
            8,
            9,
            10
        ],
        "sse": [
            151337.26805385554,
            142344.0485958486,
            132801.27391632757,
            115935.01025290498,
            99782.02233877235,
            88771.16566283956,
            83655.4457922882,
            70501.23040701989,
            69629.44056353004
        ],
        "silhouette_scores": [
            0.11436062650453653,
            0.0929786490222534,
            0.09593707114364294,
            0.12993812209423627,
            0.1664818507210461,
            0.18937004743091695,
            0.1841610029031078,
            0.22399629799638998,
            0.1989758462932519
        ],
        "calinski_harabasz_scores": [
            13.538368685187566,
            10.187623981517381,
            9.504180174301304,
            11.535242922532081,
            13.652611443431693,
            14.574878256528233,
            13.91788306687314,
            16.415656825258942,
            14.737237382058845
        ],
        "davies_bouldin_scores": [
            2.5452181643418306,
            2.412641497138781,
            2.235200003551159,
            1.8751838296760996,
            1.6176940996595437,
            1.4938422584873838,
            1.4946394841485429,
            1.262378507592536,
            1.394930019488331
        ]
    },
    "4": {
        "k_values": [
            2,
            3,
            4,
            5,
            6,
            7,
            8,
            9,
            10
        ],
        "sse": [
            162315.28542753917,
            149765.5637254902,
            133726.07111111112,
            122168.77334147334,
            107354.4617093433,
            96316.49439332596,
            82535.47854302562,
            81946.77272727272,
            68749.8083916084
        ],
        "silhouette_scores": [
            0.11133595281542345,
            0.09171212417963438,
            0.13624225310485824,
            0.15056549245511525,
            0.1762210837571315,
            0.19830991059139952,
            0.21649139906854953,
            0.18441835646346724,
            0.222141732975717
        ],
        "calinski_harabasz_scores": [
            12.208523817590821,
            10.612360543889265,
            11.679979165369097,
            11.735581801518299,
            13.165851678257113,
            13.875113970053816,
            15.923971011267556,
            13.96275194430531,
            16.55076490689978
        ],
        "davies_bouldin_scores": [
            2.7230328272650914,
            2.299801902678349,
            1.994399935471415,
            1.8417382522548778,
            1.7139298379499668,
            1.5186315120685838,
            1.3253194785626894,
            1.4819522121444733,
            1.3225748245934974
        ]
    }
}