{
    "0": {
        "k_values": [
            2,
            3,
            4,
            5,
            6,
            7,
            8,
            9,
            10
        ],
        "sse": [
            600999.5500821018,
            527812.3333333333,
            479518.87894736836,
            412486.13955342904,
            350413.9951089846,
            281141.08221221506,
            286415.75694450026,
            226881.9408521303,
            179056.54993894993
        ],
        "silhouette_scores": [
            0.1218468614635965,
            0.1714125606065366,
            0.18565521306055982,
            0.2379400481009555,
            0.2889728219642984,
            0.3549874426002166,
            0.27726004294968953,
            0.3449716807429128,
            0.3939543054512491
        ],
        "calinski_harabasz_scores": [
            11.85694080965709,
            13.406717475971575,
            12.95933100136873,
            15.04089735553997,
            17.34531205028132,
            21.643511427894378,
            17.77208605581131,
            22.402464707932236,
            27.625766844592135
        ],
        "davies_bouldin_scores": [
            2.745005130573849,
            2.1689863418502036,
            1.8942076167202493,
            1.6957566887992228,
            1.4606980960705096,
            1.244390292704906,
            1.3117354193890378,
            1.1804021762534105,
            1.116949865621351
        ]
    },
    "1": {
        "k_values": [
            2,
            3,
            4,
            5,
            6,
            7,
            8,
            9,
            10
        ],
        "sse": [
            602638.6968053044,
            532826.2879120879,
            464077.86132914707,
            407367.7209457209,
            351066.9895268131,
            292431.2114478115,
            231065.15751633985,
            176805.72525252524,
            128866.45858585858
        ],
        "silhouette_scores": [
            0.11994221064119331,
            0.16399258777206427,
            0.20876406089576843,
            0.2470840202232852,
            0.28803565751422594,
            0.3345118864838109,
            0.3855701146986668,
            0.43393399362223634,
            0.4737688402746106
        ],
        "calinski_harabasz_scores": [
            11.52691280846243,
            12.806691770038189,
            14.441999922753814,
            15.517096231543052,
            17.26779896072488,
            20.19930496924093,
            25.1666981519322,
            31.956813712806095,
            42.26511284557875
        ],
        "davies_bouldin_scores": [
            2.1388984460350855,
            2.2808052168072366,
            1.7581531431291293,
            1.681128492949823,
            1.5070946095124829,
            1.3109384104999726,
            1.1175686338489528,
            0.955559293908735,
            0.6756156236656767
        ]
    },
    "2": {
        "k_values": [
            2,
            3,
            4,
            5,
            6,
            7,
            8,
            9,
            10
        ],
        "sse": [
            613438.16,
            564018.1033138402,
            503728.180952381,
            437666.19172289706,
            378076.8644103545,
            303642.15848595847,
            234616.1596491228,
            175309.25757575757,
            122164.21965811966
        ],
        "silhouette_scores": [
            0.1275131427295238,
            0.1274247134199742,
            0.1698705029455525,
            0.21162568114804284,
            0.26303977679156504,
            0.3377542014494368,
            0.39313215971675797,
            0.4393169879470414,
            0.49035137084510566
        ],
        "calinski_harabasz_scores": [
            10.419215394099382,
            9.857901646438728,
            11.112648490184396,
            13.07744476229728,
            14.94649866475821,
            19.143407399195016,
            24.874580173466658,
            32.65995204275803,
            45.5529271908948
        ],
        "davies_bouldin_scores": [
            2.5304902234466473,
            2.4305698608852615,
            2.0042832263458883,
            1.7243310425660145,
            1.500023283782746,
            1.3594590584746526,
            1.1603091589242234,
            0.9922961382023104,
            0.7293352054889771
        ]
    },
    "3": {
        "k_values": [
            2,
            3,
            4,
            5,
            6,
            7,
            8,
            9,
            10
        ],
        "sse": [
            598352.5679012345,
            534671.4973262032,
            467344.8982517483,
            416996.45584415586,
            355614.87236652244,
            294365.12851037853,
            237865.40824534942,
            193269.73782051285,
            130086.82905982905
        ],
        "silhouette_scores": [
            0.13206221081839387,
            0.15118974643123168,
            0.20067644791413855,
            0.22306350062176744,
            0.27742113269788804,
            0.337082961047763,
            0.38649435465278253,
            0.4207201194653977,
            0.47491538765258967
        ],
        "calinski_harabasz_scores": [
            11.786716935830267,
            12.304481186258904,
            13.897956905576978,
            14.427908413566477,
            16.637152321940825,
            19.796059192125668,
            23.894448025949213,
            28.076945948626054,
            41.52850637105697
        ],
        "davies_bouldin_scores": [
            2.040699367368419,
            2.2817947597243413,
            1.843855173564896,
            1.624765019921842,
            1.4665989739155567,
            1.3908982061414434,
            1.1446110728656902,
            1.0658658870580577,
            0.6944140443529541
        ]
    },
    "4": {
        "k_values": [
            2,
            3,
            4,
            5,
            6,
            7,
            8,
            9,
            10
        ],
        "sse": [
            618768.9490968802,
            567585.4922913344,
            509349.4143692564,
            437402.4767441861,
            370815.2913461538,
            296331.5064582476,
            234867.9568627451,
            179295.5590909091,
            122320.55353535355
        ],
        "silhouette_scores": [
            0.11643266176878793,
            0.13947290015440766,
            0.1707406073691581,
            0.2235674198705322,
            0.2860586227736875,
            0.35556134247214083,
            0.40441374591167095,
            0.4514084138734871,
            0.49913059473673316
        ],
        "calinski_harabasz_scores": [
            11.243490803247264,
            10.43977287007332,
            11.33433862358093,
            13.702462825401108,
            16.17020835609211,
            20.578782603247674,
            25.455073643226623,
            32.38525842347715,
            46.38954207320874
        ],
        "davies_bouldin_scores": [
            2.819536716981814,
            2.444114888343266,
            2.1221048809920724,
            1.6686712096976428,
            1.52321572229832,
            1.2884233982569242,
            1.1377813390404101,
            1.0176208657994392,
            0.6616610115204025
        ]
    }
}