{
    "0": {
        "k_values": [
            2,
            3,
            4,
            5,
            6,
            7,
            8,
            9,
            10
        ],
        "silhouette_scores": [
            0.45991520370524763,
            0.17894542375871014,
            0.14008566356768853,
            0.1414180748640106,
            0.16461248400494113,
            0.1832720036010353,
            0.19832070401022903,
            0.2261853122222902,
            0.24527482411624604
        ],
        "calinski_harabasz_scores": [
            10.842429053383608,
            10.47670556906483,
            9.968217080755956,
            11.262058154405075,
            13.04292563650509,
            14.09908431742871,
            14.518181909270673,
            16.412629947218136,
            17.355827422744003
        ],
        "davies_bouldin_scores": [
            0.4377703340915868,
            1.054753712290596,
            1.2148005539853393,
            1.3320142576407192,
            1.3233784510434812,
            1.3106572699970616,
            1.3782581950658317,
            1.2826596067415905,
            1.1865244875833154
        ]
    },
    "1": {
        "k_values": [
            2,
            3,
            4,
            5,
            6,
            7,
            8,
            9,
            10
        ],
        "silhouette_scores": [
            0.3625794767104223,
            0.14202401108669688,
            0.1216225493050162,
            0.1313075835144609,
            0.13992891362563178,
            0.17000470307136697,
            0.18143756462592114,
            0.19909282404055312,
            0.23277375380240312
        ],
        "calinski_harabasz_scores": [
            10.561780950730583,
            9.67626202470731,
            9.375811402494762,
            10.617865207183101,
            10.931778422461637,
            12.74541996819199,
            13.773781599496285,
            14.458967473500142,
            16.669394196470478
        ],
        "davies_bouldin_scores": [
            0.756230655675062,
            1.1900280213770749,
            1.2352107611293754,
            1.5843204765343013,
            1.5643001576596547,
            1.513125610611861,
            1.3827934328606903,
            1.3374703956273293,
            1.1663030524823348
        ]
    },
    "2": {
        "k_values": [
            2,
            3,
            4,
            5,
            6,
            7,
            8,
            9,
            10
        ],
        "silhouette_scores": [
            0.41083449517569365,
            0.22040506830992623,
            0.17737254091636756,
            0.14223013792333655,
            0.16671884195976322,
            0.17317767725171712,
            0.2086368275784292,
            0.22728381932130096,
            0.26186310478435837
        ],
        "calinski_harabasz_scores": [
            12.775557415584531,
            11.247923049849227,
            9.703670442718659,
            10.427623489054012,
            12.58392151385386,
            12.919215058525399,
            15.136088360390346,
            16.27535463782886,
            18.742354374818074
        ],
        "davies_bouldin_scores": [
            0.6974460045163365,
            0.9833116400142473,
            0.9789748136806965,
            1.1898333019875778,
            1.4176736692613554,
            1.3685242259409995,
            1.2521115953275346,
            1.213563340903117,
            1.0963432110357059
        ]
    },
    "3": {
        "k_values": [
            2,
            3,
            4,
            5,
            6,
            7,
            8,
            9,
            10
        ],
        "silhouette_scores": [
            0.28513408308570903,
            0.1737880167525909,
            0.11649232021471606,
            0.12126963765313188,
            0.1441534168755956,
            0.17513261518543097,
            0.18126804761017412,
            0.16552370034372063,
            0.19407344451881076
        ],
        "calinski_harabasz_scores": [
            9.552645340014957,
            9.22859166684099,
            7.887488923479197,
            8.672332189575684,
            10.449816764607679,
            12.172688569991257,
            12.981737581662085,
            11.883755642613346,
            13.813119326389918
        ],
        "davies_bouldin_scores": [
            1.0710895996750338,
            1.0609026371835484,
            1.114308675354596,
            1.207247385828924,
            1.2432465507258177,
            1.3051985778448085,
            1.2956588104281674,
            1.2500586262317448,
            1.2324051221768584
        ]
    },
    "4": {
        "k_values": [
            2,
            3,
            4,
            5,
            6,
            7,
            8,
            9,
            10
        ],
        "silhouette_scores": [
            0.3845707834629378,
            0.1818891572707761,
            0.1607842433425285,
            0.12405289072292514,
            0.10009543555475105,
            0.12187444117641971,
            0.1341739492087719,
            0.1494585343206497,
            0.18616214015385907
        ],
        "calinski_harabasz_scores": [
            11.604257506469565,
            8.572493140704672,
            8.392927655412628,
            6.865212995361274,
            7.745390569173558,
            9.306533982493567,
            10.148962387086604,
            11.040233471773103,
            13.478950517008208
        ],
        "davies_bouldin_scores": [
            0.6967127532253251,
            1.1959916390785372,
            1.1452062041941735,
            0.8859651244673161,
            1.1461050553317298,
            1.2765100650471015,
            1.258368376724726,
            1.1647181804324072,
            1.1720198368829842
        ]
    }
}