{
    "0": {
        "k_values": [
            2,
            3,
            4,
            5,
            6,
            7,
            8,
            9,
            10
        ],
        "sse": [
            427539.18698397285,
            383724.1418526032,
            336723.0745798061,
            290834.4683527,
            247221.94581967738,
            209922.972393104,
            171211.68063427802,
            127195.497008547,
            84573.85862470864
        ],
        "silhouette_scores": [
            0.12339957175450353,
            0.1438613101871672,
            0.19349430236018733,
            0.24276027660785318,
            0.28666055345942865,
            0.3315001292863558,
            0.3842321203177114,
            0.4391772354335227,
            0.4968137032971934
        ],
        "calinski_harabasz_scores": [
            10.845442515528964,
            11.518165364342623,
            13.127076660731134,
            15.027324310553317,
            17.310286125292052,
            19.561608151284858,
            23.308734609492014,
            31.090844916169033,
            46.14666372349592
        ],
        "davies_bouldin_scores": [
            2.6194038410773186,
            2.390414097050257,
            1.9249206830586938,
            1.6593373123600046,
            1.466307895200299,
            1.308885957105133,
            1.1855385347627228,
            0.9677901698531444,
            0.7089963970334414
        ]
    },
    "1": {
        "k_values": [
            2,
            3,
            4,
            5,
            6,
            7,
            8,
            9,
            10
        ],
        "sse": [
            431513.5358554489,
            388336.8932806324,
            339641.15494849975,
            294198.331797235,
            249658.70577200578,
            214199.7891053391,
            161113.22777777776,
            120139.09871385925,
            84318.77008547008
        ],
        "silhouette_scores": [
            0.10885026231614865,
            0.14605728879061364,
            0.19914569110905905,
            0.25212646756819584,
            0.3100285446379036,
            0.3418173736219174,
            0.4143367913257074,
            0.46573542806911555,
            0.50785032503942
        ],
        "calinski_harabasz_scores": [
            11.109754591271816,
            11.501901449939039,
            13.264903195642331,
            15.034244391515067,
            17.37787560049417,
            19.265188290348256,
            26.048519195070472,
            34.1132220568013,
            46.978060699060016
        ],
        "davies_bouldin_scores": [
            2.266134298734925,
            1.9400371594420653,
            1.916200771508094,
            1.6599472292931736,
            1.3961877502878732,
            1.2803918433159858,
            1.0824961412084404,
            0.9167831707817923,
            0.6834612021227094
        ]
    },
    "2": {
        "k_values": [
            2,
            3,
            4,
            5,
            6,
            7,
            8,
            9,
            10
        ],
        "sse": [
            430549.1962464301,
            377722.49418886204,
            334079.91958041955,
            289075.3428156749,
            244216.19145299145,
            198498.70115440118,
            168277.67391105625,
            130400.37243867242,
            89575.39971139972
        ],
        "silhouette_scores": [
            0.11666021464441816,
            0.16849377380095273,
            0.20944488308142348,
            0.2603422498330728,
            0.3119254967714783,
            0.3600180493871302,
            0.385924465695819,
            0.42609390606479847,
            0.48259273445728934
        ],
        "calinski_harabasz_scores": [
            11.410586317847745,
            13.219861429124906,
            14.04215667711602,
            15.741953512200311,
            18.2032140221115,
            22.034452148402913,
            24.399310065656287,
            30.55536337048413,
            43.66205471018699
        ],
        "davies_bouldin_scores": [
            2.8096296354623207,
            2.0327106764289096,
            1.7696719166180257,
            1.3693055567930426,
            1.2798074079911952,
            1.1822147462066184,
            1.1287327256272777,
            1.0238864582058371,
            0.6748634676591136
        ]
    },
    "3": {
        "k_values": [
            2,
            3,
            4,
            5,
            6,
            7,
            8,
            9,
            10
        ],
        "sse": [
            433335.30666666664,
            380921.3630560928,
            337463.40537634405,
            290581.2100427021,
            251770.02362880635,
            207425.47839071116,
            167717.20873015872,
            125226.4865079365,
            118950.81984126984
        ],
        "silhouette_scores": [
            0.12096907740078625,
            0.1663530723955353,
            0.20355932813199526,
            0.25705590324869965,
            0.3038270624942678,
            0.3519109202273239,
            0.3949696662273746,
            0.447942052198499,
            0.4219236469629568
        ],
        "calinski_harabasz_scores": [
            11.091595521349623,
            12.918004525398302,
            13.74173007821506,
            15.676241629031756,
            17.21995134007842,
            20.546150444047036,
            24.657983191730438,
            32.44218798484572,
            30.552894098897067
        ],
        "davies_bouldin_scores": [
            2.4088733357840866,
            2.262545942040112,
            1.8718694841924088,
            1.6072186557618084,
            1.4331046708126294,
            1.2664628877983783,
            1.0915797500780429,
            0.9672110765495433,
            1.012070743815709
        ]
    },
    "4": {
        "k_values": [
            2,
            3,
            4,
            5,
            6,
            7,
            8,
            9,
            10
        ],
        "sse": [
            419598.337329475,
            371115.6833717358,
            330787.061965812,
            288788.6452991453,
            245869.99450549454,
            211126.96873065017,
            174370.80649350648,
            133297.07974072712,
            90346.03333333334
        ],
        "silhouette_scores": [
            0.11603821449844806,
            0.1651605397367958,
            0.19158928239656275,
            0.23463868065755888,
            0.28622440803359656,
            0.3298799722432138,
            0.36336064723659367,
            0.41562116650268766,
            0.4742927330389472
        ],
        "calinski_harabasz_scores": [
            11.319012777646256,
            12.669624505631745,
            13.279836251721443,
            14.743454230116509,
            16.989505822774785,
            18.863023556955795,
            22.136397015029008,
            28.56739979117308,
            41.80769788454095
        ],
        "davies_bouldin_scores": [
            2.791728344979253,
            2.2353064188491114,
            1.855238264963988,
            1.7246890824211225,
            1.412833936257023,
            1.335340229642164,
            1.114956059042451,
            0.9943998937607478,
            0.7103122616661272
        ]
    }
}