{
    "0": {
        "k_values": [
            2,
            3,
            4,
            5,
            6,
            7,
            8,
            9,
            10
        ],
        "silhouette_scores": [
            0.3282358956236632,
            0.17740072892979777,
            0.12513661263742115,
            0.1460940619994233,
            0.16289436482373515,
            0.17063051080078231,
            0.1958207093468637,
            0.20980501840994908,
            0.23475454535837503
        ],
        "calinski_harabasz_scores": [
            11.691213451547206,
            10.455509139658972,
            10.568162696893944,
            12.246903263110339,
            13.401407036000533,
            13.647480145147407,
            14.954915462029712,
            15.30421334132107,
            17.2276928350188
        ],
        "davies_bouldin_scores": [
            0.9164790122693308,
            1.175424977427844,
            1.396244150887118,
            1.3884542408444471,
            1.6488383497433559,
            1.5384269010406764,
            1.4598135071727416,
            1.3518788492574485,
            1.212694931577732
        ]
    },
    "1": {
        "k_values": [
            2,
            3,
            4,
            5,
            6,
            7,
            8,
            9,
            10
        ],
        "silhouette_scores": [
            0.24904805230927884,
            0.1601181149100532,
            0.12382601891615472,
            0.1301284730712297,
            0.15744708637527027,
            0.19176559257123565,
            0.21331095530341326,
            0.2387085268334386,
            0.24506577759129705
        ],
        "calinski_harabasz_scores": [
            6.650996105157208,
            8.359162608820828,
            8.730940683953756,
            10.034451522908757,
            11.989102713796855,
            13.926118840583356,
            15.284005002364925,
            16.80942940532867,
            17.12663170684838
        ],
        "davies_bouldin_scores": [
            1.0076320771224412,
            1.1842975290497921,
            1.196003592814506,
            1.6689689002347279,
            1.5772745722745365,
            1.4824516947674018,
            1.3917493431960906,
            1.2554610815124954,
            1.1974372685563173
        ]
    },
    "2": {
        "k_values": [
            2,
            3,
            4,
            5,
            6,
            7,
            8,
            9,
            10
        ],
        "silhouette_scores": [
            0.3701823995787954,
            0.24415984440615313,
            0.14299840666622016,
            0.1131586038391272,
            0.13660238228501098,
            0.15291828771764276,
            0.16615752145033763,
            0.19115641163324873,
            0.21919565201737437
        ],
        "calinski_harabasz_scores": [
            10.837143705559647,
            7.89774004961068,
            7.401859444350423,
            8.065743439882738,
            10.416503227294749,
            11.739028171256084,
            12.327213695838296,
            13.979359644922692,
            16.100951919883496
        ],
        "davies_bouldin_scores": [
            0.7358912114900286,
            0.807565283898961,
            1.027525494386002,
            1.1893739270438188,
            1.227642923455744,
            1.269811103808047,
            1.2673437886013852,
            1.2730627663051481,
            1.259123017886203
        ]
    },
    "3": {
        "k_values": [
            2,
            3,
            4,
            5,
            6,
            7,
            8,
            9,
            10
        ],
        "silhouette_scores": [
            0.33822117683361697,
            0.16940154119906772,
            0.15263232725533057,
            0.13874023175507716,
            0.15696710836796277,
            0.18498790522923156,
            0.1923413600011989,
            0.20789378798014138,
            0.23326664236059966
        ],
        "calinski_harabasz_scores": [
            9.692613780415265,
            9.392419958206009,
            11.623115295014099,
            11.679692227232344,
            12.82511992334152,
            14.50142660405079,
            14.967335271066025,
            15.283737227912429,
            17.055721528236315
        ],
        "davies_bouldin_scores": [
            0.8020393219617549,
            1.1167740854813044,
            1.3143426672683922,
            1.4116988020296943,
            1.3812664809208393,
            1.4969271863013758,
            1.4336029694879215,
            1.3143199039538305,
            1.201273087721568
        ]
    },
    "4": {
        "k_values": [
            2,
            3,
            4,
            5,
            6,
            7,
            8,
            9,
            10
        ],
        "silhouette_scores": [
            0.35046163289236004,
            0.18067831051049207,
            0.12647182009598174,
            0.15077097841502954,
            0.15976662612273237,
            0.18248279791693267,
            0.19699587190821835,
            0.2182238167242102,
            0.24255035808958555
        ],
        "calinski_harabasz_scores": [
            9.94192790978795,
            9.132800275660726,
            9.235889414475928,
            11.518119073589544,
            12.259228229043238,
            13.606857506604886,
            14.1173691575649,
            15.517110112107535,
            17.349895642713086
        ],
        "davies_bouldin_scores": [
            0.8035422233604427,
            1.0370851998202473,
            1.2785665681753775,
            1.3194813231633695,
            1.3444623526113668,
            1.3518093989204825,
            1.3198207451030668,
            1.3328294019435083,
            1.1492883571061512
        ]
    }
}